{"epoch": 10, "train_loss": 0.04547893570875749, "val_loss": 0.5145545299276709, "val_auc": 0.9932375263796883}