{"epoch": 10, "train_loss": 0.03763849361054599, "val_loss": 0.6284934874996543, "val_auc": 0.9870506752619411}