{"epoch": 10, "train_loss": 0.03531540854042396, "val_loss": 0.539954455871135, "val_auc": 0.9939491504013659}